-2.000000000000000000e+00,-3.427126853654125505e+00
-1.989999999999999991e+00,-3.181600528076538037e+00
-1.979999999999999982e+00,-3.184956426365372906e+00
-1.969999999999999973e+00,-2.976719565248049371e+00
-1.959999999999999964e+00,-3.565449421037292232e-02
-1.949999999999999956e+00,-2.594080926815796495e+00
-1.939999999999999947e+00,-6.485913740328759225e-01
-1.929999999999999938e+00,-2.433403808170363725e+00
-1.919999999999999929e+00,-1.347368770565997576e-01
-1.909999999999999920e+00,-1.746064105338337002e+00
-1.899999999999999911e+00,-3.291769545626074933e+00
-1.889999999999999902e+00,-1.297913029086655845e+00
-1.879999999999999893e+00,-1.557187461487011371e+00
-1.869999999999999885e+00,-1.224354670868199157e+00
-1.859999999999999876e+00,-1.870629857037920507e+00
-1.849999999999999867e+00,-1.355432366842114877e+00
-1.839999999999999858e+00,-8.248139230757312035e-01
-1.829999999999999849e+00,-3.197453410660075157e+00
-1.819999999999999840e+00,-2.276919306047699543e+00
-1.809999999999999831e+00,-3.942476299097188441e-01
-1.799999999999999822e+00,-2.840300148915372525e+00
-1.789999999999999813e+00,-5.636184572261908610e-01
-1.779999999999999805e+00,-1.921251165216613765e+00
-1.769999999999999796e+00,-3.075259561577417422e+00
-1.759999999999999787e+00,-2.081558584848165694e+00
-1.749999999999999778e+00,-2.903786268999590359e+00
-1.739999999999999769e+00,-2.501663231155319522e+00
-1.729999999999999760e+00,1.787222412588089782e-01
-1.719999999999999751e+00,-2.425107504519106616e+00
-1.709999999999999742e+00,-9.229696213022371420e-01
-1.699999999999999734e+00,-1.181434043046936333e+00
-1.689999999999999725e+00,-1.753330937362821862e+00
-1.679999999999999716e+00,-1.224695082298335791e+00
-1.669999999999999707e+00,-2.817996156388429707e+00
-1.659999999999999698e+00,-4.394073890021141793e-01
-1.649999999999999689e+00,-2.029595548811658823e+00
-1.639999999999999680e+00,-2.486496559695916542e-01
-1.629999999999999671e+00,-1.721883357690176419e+00
-1.619999999999999662e+00,-2.505418679034350227e+00
-1.609999999999999654e+00,-8.949804500734677148e-01
-1.599999999999999645e+00,-3.230099357982391339e+00
-1.589999999999999636e+00,-1.332853964586208750e+00
-1.579999999999999627e+00,-1.173249337947619431e+00
-1.569999999999999618e+00,-2.307027160148071410e+00
-1.559999999999999609e+00,-2.231740530537447142e+00
-1.549999999999999600e+00,-3.430662994681595634e+00
-1.539999999999999591e+00,-1.633823848272963897e-01
-1.529999999999999583e+00,-7.810870016123101500e-01
-1.519999999999999574e+00,-2.497745283599310806e+00
-1.509999999999999565e+00,-2.573265721810124251e+00
-1.499999999999999556e+00,-2.493965285630690865e+00
-1.489999999999999547e+00,-1.832116643088426811e+00
-1.479999999999999538e+00,-2.424358856872198320e+00
-1.469999999999999529e+00,7.426397312538379758e-02
-1.459999999999999520e+00,-1.569937757335563955e+00
-1.449999999999999512e+00,-5.744657855216916964e-01
-1.439999999999999503e+00,4.340565960328703898e-01
-1.429999999999999494e+00,-2.035784283473027756e+00
-1.419999999999999485e+00,-1.585809517124344703e+00
-1.409999999999999476e+00,-1.570953913909260091e+00
-1.399999999999999467e+00,-4.651200313020997790e-01
-1.389999999999999458e+00,6.820748133938669966e-02
-1.379999999999999449e+00,-2.666377860989992854e+00
-1.369999999999999440e+00,2.040433914802517457e-01
-1.359999999999999432e+00,-1.349943350811761977e-01
-1.349999999999999423e+00,-2.390445736217805095e+00
-1.339999999999999414e+00,-2.000435929871520635e+00
-1.329999999999999405e+00,-1.672129085013742245e+00
-1.319999999999999396e+00,-2.080357719325427901e+00
-1.309999999999999387e+00,-2.571057822319413599e+00
-1.299999999999999378e+00,3.993406464470328210e-02
-1.289999999999999369e+00,-1.963241184776596704e+00
-1.279999999999999361e+00,-2.670171569766004005e+00
-1.269999999999999352e+00,-2.458298777377090794e+00
-1.259999999999999343e+00,-2.951508830390754845e+00
-1.249999999999999334e+00,-3.007493191816347000e+00
-1.239999999999999325e+00,-3.721763709071779225e-02
-1.229999999999999316e+00,-3.954750013364896066e-01
-1.219999999999999307e+00,3.815569691355393811e-01
-1.209999999999999298e+00,-2.578047346389422234e+00
-1.199999999999999289e+00,6.132581939062364818e-01
-1.189999999999999281e+00,-2.990498933319876596e+00
-1.179999999999999272e+00,-2.418900265923413784e+00
-1.169999999999999263e+00,-2.550485972125506429e+00
-1.159999999999999254e+00,-2.799675545886039174e+00
-1.149999999999999245e+00,-4.368751611165817561e-01
-1.139999999999999236e+00,-2.702946854351476524e+00
-1.129999999999999227e+00,-6.699705324008962126e-01
-1.119999999999999218e+00,-2.372891663931311790e+00
-1.109999999999999210e+00,7.102429349020660254e-01
-1.099999999999999201e+00,-6.800858563153022729e-02
-1.089999999999999192e+00,-2.337112275872033962e+00
-1.079999999999999183e+00,2.052027308928678906e-01
-1.069999999999999174e+00,-2.712939426971717083e+00
-1.059999999999999165e+00,-2.481762667671287836e-01
-1.049999999999999156e+00,-1.961243905798069731e+00
-1.039999999999999147e+00,7.843307225839857288e-01
-1.029999999999999138e+00,-1.882533067816328343e+00
-1.019999999999999130e+00,-2.241806828842068722e+00
-1.009999999999999121e+00,-8.228891408259468854e-01
-9.999999999999991118e-01,-4.582638659198841058e-01
-9.899999999999991029e-01,-1.751091323474246675e+00
-9.799999999999990941e-01,-2.633645753177470183e+00
-9.699999999999990852e-01,-6.060556847607927455e-01
-9.599999999999990763e-01,5.115878221986218666e-01
-9.499999999999990674e-01,-1.557561582921542565e+00
-9.399999999999990585e-01,-1.239750937549663146e+00
-9.299999999999990496e-01,-1.272501500368507621e+00
-9.199999999999990408e-01,-2.767073305296473773e+00
-9.099999999999990319e-01,7.128261996562885727e-01
-8.999999999999990230e-01,-1.217688262404070798e-02
-8.899999999999990141e-01,-2.608913337358274909e+00
-8.799999999999990052e-01,-2.054173576613258501e+00
-8.699999999999989964e-01,-7.208999046554698253e-02
-8.599999999999989875e-01,1.447678977290274283e-01
-8.499999999999989786e-01,8.013720978703486875e-01
-8.399999999999989697e-01,1.072182147729548340e+00
-8.299999999999989608e-01,-2.222496369461694599e+00
-8.199999999999989519e-01,3.387823740513307147e-01
-8.099999999999989431e-01,-4.284775965640446049e-01
-7.999999999999989342e-01,7.842164427922153624e-01
-7.899999999999989253e-01,-2.630468938235199339e+00
-7.799999999999989164e-01,-3.133368785093986197e-01
-7.699999999999989075e-01,-2.147520702412267113e+00
-7.599999999999988987e-01,-2.139068120075764412e+00
-7.499999999999988898e-01,-1.796826150896623009e+00
-7.399999999999988809e-01,-4.574202442984496297e-01
-7.299999999999988720e-01,1.140167586481593665e+00
-7.199999999999988631e-01,-6.082751264637709099e-01
-7.099999999999988542e-01,-4.549455730832041578e-01
-6.999999999999988454e-01,2.845724486149621146e-01
-6.899999999999988365e-01,-1.540325786186004242e+00
-6.799999999999988276e-01,-2.480940032862040567e+00
-6.699999999999988187e-01,7.489138450728098917e-01
-6.599999999999988098e-01,-1.590784807708445214e-01
-6.499999999999988010e-01,7.280234788569956983e-01
-6.399999999999987921e-01,-2.100220323529543354e+00
-6.299999999999987832e-01,-4.194521467976239926e-01
-6.199999999999987743e-01,-7.349313606190313042e-01
-6.099999999999987654e-01,-2.354746336103727966e+00
-5.999999999999987566e-01,-2.178705859127825661e+00
-5.899999999999987477e-01,-8.779268906068740108e-01
-5.799999999999987388e-01,8.155686291233565921e-01
-5.699999999999987299e-01,6.039192395445984740e-01
-5.599999999999987210e-01,7.583618171505268624e-01
-5.499999999999987121e-01,-2.440610853565994276e+00
-5.399999999999987033e-01,-8.182341269609976209e-01
-5.299999999999986944e-01,-5.773701581786221393e-01
-5.199999999999986855e-01,-2.370265179298733038e+00
-5.099999999999986766e-01,-1.274407146672213331e+00
-4.999999999999986677e-01,1.123608394970063484e+00
-4.899999999999986589e-01,-8.205381435611651675e-01
-4.799999999999986500e-01,-2.217328074342661104e+00
-4.699999999999986411e-01,3.455593971784924889e-01
-4.599999999999986322e-01,-2.022199511533127492e+00
-4.499999999999986233e-01,2.650542287259116669e-02
-4.399999999999986144e-01,-2.278222346456070468e+00
-4.299999999999986056e-01,-3.754118036295190919e-01
-4.199999999999985967e-01,-2.118301559370646014e+00
-4.099999999999985878e-01,1.397678168671552257e+00
-3.999999999999985789e-01,4.629917666560601219e-01
-3.899999999999985700e-01,-7.488117270987530993e-01
-3.799999999999985612e-01,1.429239114895562768e+00
-3.699999999999985523e-01,7.080840655450379995e-01
-3.599999999999985434e-01,-4.239878267413061952e-01
-3.499999999999985345e-01,-3.043407106578230881e-01
-3.399999999999985256e-01,8.773847491958131073e-02
-3.299999999999985167e-01,-7.946997752889064515e-01
-3.199999999999985079e-01,-1.973137663276928189e+00
-3.099999999999984990e-01,1.645894867117499993e+00
-2.999999999999984901e-01,-8.769628686490245073e-01
-2.899999999999984812e-01,-1.828647701158008676e+00
-2.799999999999984723e-01,5.246922525564203799e-01
-2.699999999999984635e-01,-1.730659206780188919e+00
-2.599999999999984546e-01,-1.829398771537324775e+00
-2.499999999999984457e-01,-4.559526760913303889e-01
-2.399999999999984368e-01,-4.784967397004664669e-01
-2.299999999999984279e-01,5.072135010732587990e-01
-2.199999999999984190e-01,7.693072397279778762e-01
-2.099999999999984102e-01,-1.565576244296732922e+00
-1.999999999999984013e-01,-2.059473964793451461e+00
-1.899999999999983924e-01,9.828662540115340462e-01
-1.799999999999983835e-01,-2.165864397240514272e+00
-1.699999999999983746e-01,9.135142002725074040e-01
-1.599999999999983658e-01,2.289541741962271004e-01
-1.499999999999983569e-01,-7.643288148448517116e-01
-1.399999999999983480e-01,8.618359593334607993e-01
-1.299999999999983391e-01,1.384332818811103705e+00
-1.199999999999983441e-01,-1.597314825968545904e+00
-1.099999999999983491e-01,-1.146079131215796743e+00
-9.999999999999835409e-02,-1.666142356203513364e+00
-8.999999999999835909e-02,8.383330166453737409e-01
-7.999999999999836409e-02,-8.891370479602439536e-01
-6.999999999999836908e-02,-4.956931187435446029e-01
-5.999999999999836714e-02,6.386608649086258915e-02
-4.999999999999836520e-02,-3.959595751923244977e-01
-3.999999999999836325e-02,-6.433412201564906452e-01
-2.999999999999836131e-02,3.391055909886112607e-01
-1.999999999999835937e-02,1.336824745705355477e+00
-9.999999999998359160e-03,1.739382989952736880e+00
1.641048408274059511e-15,1.239777023435929548e+00
1.000000000000164126e-02,-1.466470338250082106e+00
2.000000000000164146e-02,5.474255150331471809e-01
3.000000000000164341e-02,7.768789347956893687e-01
4.000000000000164535e-02,1.800785395556649737e+00
5.000000000000164729e-02,-1.703094414704396709e+00
6.000000000000164924e-02,5.496842785738957904e-01
7.000000000000164424e-02,-1.747352910035688378e+00
8.000000000000163924e-02,7.843635564130373439e-01
9.000000000000163425e-02,-1.022566834139259528e+00
1.000000000000016293e-01,1.585881671265091164e+00
1.100000000000016243e-01,7.751952789926261356e-02
1.200000000000016193e-01,-8.001146651072243987e-01
1.300000000000016143e-01,1.820606207784871255e+00
1.400000000000016231e-01,-1.828424623710973140e+00
1.500000000000016320e-01,6.081245110606805504e-01
1.600000000000016409e-01,6.127867604477627017e-02
1.700000000000016498e-01,-1.041747343570782247e+00
1.800000000000016587e-01,-1.027634600847217694e+00
1.900000000000016676e-01,-4.204848268517927257e-01
2.000000000000016764e-01,3.681580632301335032e-01
2.100000000000016853e-01,-7.604687544735415639e-01
2.200000000000016942e-01,-6.603184726649073966e-01
2.300000000000017031e-01,5.581190628737879855e-01
2.400000000000017120e-01,1.444292554922871341e+00
2.500000000000017208e-01,-3.830350237873264563e-02
2.600000000000017297e-01,1.430374657181442632e+00
2.700000000000017386e-01,1.593465800104501451e+00
2.800000000000017475e-01,5.177756193228233439e-01
2.900000000000017564e-01,2.263101683034058897e+00
3.000000000000017653e-01,-3.963343897428073803e-01
3.100000000000017741e-01,5.901645728441644589e-01
3.200000000000017830e-01,-8.135802636497477813e-01
3.300000000000017919e-01,7.805332276940182279e-01
3.400000000000018008e-01,1.263753404681384196e-01
3.500000000000018097e-01,-1.535987570095707300e+00
3.600000000000018185e-01,2.193000909001320498e+00
3.700000000000018274e-01,-5.837152949202542018e-01
3.800000000000018363e-01,3.978137248083727928e-01
3.900000000000018452e-01,-1.368657792048560973e+00
4.000000000000018541e-01,6.501530910138284547e-01
4.100000000000018630e-01,-3.806746089973214731e-01
4.200000000000018718e-01,-8.989526702050818496e-01
4.300000000000018807e-01,1.760606422663054893e+00
4.400000000000018896e-01,-9.206610517307072250e-01
4.500000000000018985e-01,5.297634940741662302e-01
4.600000000000019074e-01,1.064277974787269931e-02
4.700000000000019162e-01,-1.453750931480931041e-01
4.800000000000019251e-01,7.472539818827144131e-01
4.900000000000019340e-01,2.203384510319863487e+00
5.000000000000018874e-01,-2.046570897820193524e-01
5.100000000000018963e-01,1.373335830183185280e+00
5.200000000000019051e-01,-1.204055616087323255e+00
5.300000000000019140e-01,5.243326355530076865e-01
5.400000000000019229e-01,-1.091197472827503567e+00
5.500000000000019318e-01,1.454936012192840522e+00
5.600000000000019407e-01,2.310043184566599628e+00
5.700000000000019496e-01,-1.328969570359126440e+00
5.800000000000019584e-01,-8.243167432750003742e-01
5.900000000000019673e-01,9.618270115766659467e-01
6.000000000000019762e-01,1.428615368123522966e+00
6.100000000000019851e-01,1.529313757202204194e+00
6.200000000000019940e-01,-1.081724780708283262e+00
6.300000000000020028e-01,1.399094296818174765e+00
6.400000000000020117e-01,1.713904616586433338e+00
6.500000000000020206e-01,-2.236701886868667222e-01
6.600000000000020295e-01,-6.139350045404124989e-01
6.700000000000020384e-01,-9.974452860164617629e-02
6.800000000000020473e-01,1.260119878777774538e+00
6.900000000000020561e-01,5.557982707862766381e-01
7.000000000000020650e-01,9.675124888661533751e-01
7.100000000000020739e-01,1.765503848117314423e+00
7.200000000000020828e-01,9.131472142074600340e-01
7.300000000000020917e-01,-6.655528164524605605e-01
7.400000000000021005e-01,9.251429585794482824e-01
7.500000000000021094e-01,1.513349824193285453e+00
7.600000000000021183e-01,-2.247506509430255983e-01
7.700000000000021272e-01,9.244874628811844408e-01
7.800000000000021361e-01,1.138686573350148556e+00
7.900000000000021450e-01,1.561616199171275143e-01
8.000000000000021538e-01,2.281177136557938745e+00
8.100000000000021627e-01,-1.116379567690045649e-01
8.200000000000021716e-01,2.048816416474759095e+00
8.300000000000021805e-01,4.262410584997243790e-01
8.400000000000021894e-01,1.857117541528794824e+00
8.500000000000021982e-01,1.585070717778897187e+00
8.600000000000022071e-01,-3.533413513214213042e-01
8.700000000000022160e-01,-7.098861483263850802e-01
8.800000000000022249e-01,2.587698973247772649e+00
8.900000000000022338e-01,8.878378332015764984e-01
9.000000000000022427e-01,2.892239578041178483e+00
9.100000000000022515e-01,8.501851250149395911e-01
9.200000000000022604e-01,9.317114208597349068e-01
9.300000000000022693e-01,8.531158288025145753e-01
9.400000000000022782e-01,1.149425111561102497e+00
9.500000000000022871e-01,1.275509530487970000e+00
9.600000000000022959e-01,2.635829961450062431e+00
9.700000000000023048e-01,-4.870684730553701547e-01
9.800000000000023137e-01,2.070952435681480797e+00
9.900000000000023226e-01,1.118299503021023877e+00
1.000000000000002220e+00,1.142900218377930655e+00
1.010000000000002229e+00,4.217220397226766337e-01
1.020000000000002238e+00,-4.638303605756581849e-01
1.030000000000002247e+00,-3.203212215494317672e-01
1.040000000000002256e+00,1.139822417603928439e+00
1.050000000000002265e+00,-6.414673342568364411e-01
1.060000000000002274e+00,7.689274317843119988e-02
1.070000000000002283e+00,5.397517260644171255e-01
1.080000000000002292e+00,1.092149415898104214e+00
1.090000000000002300e+00,1.918432448159603787e+00
1.100000000000002309e+00,2.260899824004808600e+00
1.110000000000002318e+00,1.313962060499265894e+00
1.120000000000002327e+00,2.167964873756647926e+00
1.130000000000002336e+00,1.599928510641494883e+00
1.140000000000002345e+00,-5.762290707649917465e-01
1.150000000000002354e+00,3.098451049156698112e+00
1.160000000000002363e+00,7.768016676864999415e-01
1.170000000000002371e+00,2.802305222918612948e+00
1.180000000000002380e+00,2.497386584201944704e+00
1.190000000000002389e+00,6.843364616637654940e-01
1.200000000000002398e+00,-3.893933587636482230e-01
1.210000000000002407e+00,2.381555969503116099e+00
1.220000000000002416e+00,-1.632884473691367244e-01
1.230000000000002425e+00,2.790454636789271969e+00
1.240000000000002434e+00,2.614863601669504156e+00
1.250000000000002442e+00,-5.666351120392152385e-01
1.260000000000002451e+00,1.801490230543898452e+00
1.270000000000002460e+00,3.066290522161335907e+00
1.280000000000002469e+00,-1.021536230279731505e-01
1.290000000000002478e+00,-1.359476137408803798e-01
1.300000000000002487e+00,2.760915593642220500e+00
1.310000000000002496e+00,1.268474977458766695e-01
1.320000000000002505e+00,2.122737823152055725e+00
1.330000000000002514e+00,1.894494301222506616e+00
1.340000000000002522e+00,2.297889703085953528e+00
1.350000000000002531e+00,8.687881092475968625e-01
1.360000000000002540e+00,4.482775970111212427e-01
1.370000000000002549e+00,-5.204752900059039789e-01
1.380000000000002558e+00,2.490246368960514989e+00
1.390000000000002567e+00,1.982811543757332817e+00
1.400000000000002576e+00,-3.545954464121998662e-01
1.410000000000002585e+00,-5.736116988706787545e-01
1.420000000000002593e+00,-5.301336695380787223e-01
1.430000000000002602e+00,9.640478265964946836e-01
1.440000000000002611e+00,2.916591433357464958e+00
1.450000000000002620e+00,2.201601825885657338e-01
1.460000000000002629e+00,-1.372829529667292103e-01
1.470000000000002638e+00,2.913191559781227902e+00
1.480000000000002647e+00,3.088413063358452781e-02
1.490000000000002656e+00,-3.177428111484297268e-01
1.500000000000002665e+00,3.378548537463026413e+00
1.510000000000002673e+00,2.699515261636104668e+00
1.520000000000002682e+00,3.435745277014899290e+00
1.530000000000002691e+00,2.449131541465137119e-01
1.540000000000002700e+00,1.057189191313214982e+00
1.550000000000002709e+00,2.753374711741691350e+00
1.560000000000002718e+00,1.871500966882365669e+00
1.570000000000002727e+00,6.158542046736814601e-01
1.580000000000002736e+00,7.487967282495306964e-01
1.590000000000002744e+00,1.646675855082961881e-01
1.600000000000002753e+00,2.475728516283266512e-01
1.610000000000002762e+00,2.925177996903221000e+00
1.620000000000002771e+00,6.370779980605858484e-01
1.630000000000002780e+00,3.120031892290930919e+00
1.640000000000002789e+00,2.462285589344291203e+00
1.650000000000002798e+00,1.134211137359233401e-01
1.660000000000002807e+00,1.636182834712550660e+00
1.670000000000002816e+00,-1.220528979940458392e-01
1.680000000000002824e+00,6.735027452157289485e-01
1.690000000000002833e+00,1.912190465568994524e+00
1.700000000000002842e+00,2.682410975000061537e+00
1.710000000000002851e+00,3.219961869996467829e+00
1.720000000000002860e+00,3.273296143070286490e+00
1.730000000000002869e+00,2.131964946130892713e+00
1.740000000000002878e+00,2.090549461756496363e+00
1.750000000000002887e+00,2.993848943974943833e-01
1.760000000000002895e+00,2.475783880763380296e-01
1.770000000000002904e+00,1.790757250130898814e+00
1.780000000000002913e+00,7.542183768650667641e-01
1.790000000000002922e+00,-6.252314909816036881e-02
1.800000000000002931e+00,1.019809717157720952e+00
1.810000000000002940e+00,2.307803424032655037e+00
1.820000000000002949e+00,2.369630586940748351e+00
1.830000000000002958e+00,5.295336980921583336e-01
1.840000000000002967e+00,-1.136760044837359374e-01
1.850000000000002975e+00,2.474018271472957942e+00
1.860000000000002984e+00,2.791111872506901737e-01
1.870000000000002993e+00,1.549777397766637366e+00
1.880000000000003002e+00,3.261267700423525540e+00
1.890000000000003011e+00,2.077208965687664666e+00
1.900000000000003020e+00,1.795280777389622440e+00
1.910000000000003029e+00,2.263861293617516424e+00
1.920000000000003038e+00,1.270259628649567318e+00
1.930000000000003046e+00,1.556695552152194351e+00
1.940000000000003055e+00,2.926483063310374444e-01
1.950000000000003064e+00,3.851757339321075335e+00
1.960000000000003073e+00,3.003878128964348804e+00
1.970000000000003082e+00,3.109072872609016436e+00
1.980000000000003091e+00,4.085726902998554344e-01
1.990000000000003100e+00,1.332234514340973064e-01
2.000000000000003109e+00,5.556596186873292709e-01
2.010000000000002895e+00,1.808267026356176421e+00
2.020000000000002682e+00,3.904120490477847483e+00
2.030000000000002469e+00,3.872187213311925724e+00
2.040000000000002256e+00,5.053980404029012607e-01
2.050000000000002043e+00,3.813683505036189469e+00
2.060000000000001830e+00,2.855553785696844038e+00
2.070000000000001616e+00,3.895692445294596240e+00
2.080000000000001403e+00,2.752212693200251969e+00
2.090000000000001190e+00,3.411589744426728021e+00
2.100000000000000977e+00,3.059332196758649758e+00
2.110000000000000764e+00,2.295668969420561201e+00
2.120000000000000551e+00,2.802127470835843237e+00
2.130000000000000338e+00,1.938073897812144120e+00
2.140000000000000124e+00,3.007399129021370854e+00
2.149999999999999911e+00,3.355912092039465833e-01
2.159999999999999698e+00,1.662034684740976154e+00
2.169999999999999485e+00,2.581660013461832825e+00
2.179999999999999272e+00,3.195982250245221756e+00
2.189999999999999059e+00,1.336040691437257788e+00
2.199999999999998845e+00,1.338339554129720721e+00
2.209999999999998632e+00,3.538871301664407554e+00
2.219999999999998419e+00,3.126627867866411670e+00
2.229999999999998206e+00,2.948979035475560728e+00
2.239999999999997993e+00,2.446134711988584343e+00
2.249999999999997780e+00,3.166233120886938757e-01
2.259999999999997566e+00,3.035763186548266379e+00
2.269999999999997353e+00,1.992482294515112606e+00
2.279999999999997140e+00,2.495752284378515373e+00
2.289999999999996927e+00,2.362876936398722982e+00
2.299999999999996714e+00,1.497575607748650173e+00
2.309999999999996501e+00,4.084218016476117263e+00
2.319999999999996287e+00,3.510749719490565024e+00
2.329999999999996074e+00,3.054360048582223541e+00
2.339999999999995861e+00,6.003196788610030143e-01
2.349999999999995648e+00,5.912376723301482340e-01
2.359999999999995435e+00,3.823703910191370348e+00
2.369999999999995222e+00,3.814027760699781666e+00
2.379999999999995008e+00,1.233530571687847077e+00
2.389999999999994795e+00,1.951585264665468999e+00
2.399999999999994582e+00,1.324952340935891426e+00
2.409999999999994369e+00,2.411437369917978302e+00
2.419999999999994156e+00,2.811957534267626624e+00
2.429999999999993943e+00,3.921675498932049031e+00
2.439999999999993729e+00,3.558351674443815504e+00
2.449999999999993516e+00,1.713845769297266175e+00
2.459999999999993303e+00,2.891736522776130691e+00
2.469999999999993090e+00,8.136612412869714817e-01
2.479999999999992877e+00,3.330014113654181429e+00
2.489999999999992664e+00,1.535094298138002689e+00
2.499999999999992450e+00,3.537089218868331386e+00
2.509999999999992237e+00,2.342543661422515910e+00
2.519999999999992024e+00,3.547085065903506695e+00
2.529999999999991811e+00,2.430829616657686376e+00
2.539999999999991598e+00,2.293078489781477103e+00
2.549999999999991385e+00,2.060172037335251005e+00
2.559999999999991172e+00,2.394029678221667012e+00
2.569999999999990958e+00,4.105376678108078714e+00
2.579999999999990745e+00,1.776931056883798821e+00
2.589999999999990532e+00,1.315573929744058956e+00
2.599999999999990319e+00,2.756401670217202060e+00
2.609999999999990106e+00,2.044051478594148819e+00
2.619999999999989893e+00,4.261523412238696018e+00
2.629999999999989679e+00,3.041077727058329572e+00
2.639999999999989466e+00,1.699794983695253725e+00
2.649999999999989253e+00,3.560663918541699058e+00
2.659999999999989040e+00,1.467167314224615771e+00
2.669999999999988827e+00,3.623570258041264758e+00
2.679999999999988614e+00,3.754604828321590482e+00
2.689999999999988400e+00,1.209416761196640655e+00
2.699999999999988187e+00,2.774437066831763943e+00
2.709999999999987974e+00,2.896701100733601653e+00
2.719999999999987761e+00,7.502071380668775546e-01
2.729999999999987548e+00,1.171666911510389486e+00
2.739999999999987335e+00,2.962612610559627768e+00
2.749999999999987121e+00,1.227514980424240232e+00
2.759999999999986908e+00,1.183787540244236158e+00
2.769999999999986695e+00,1.552732677724538934e+00
2.779999999999986482e+00,2.716683264547767873e+00
2.789999999999986269e+00,1.648372487512010487e+00
2.799999999999986056e+00,2.116609323894033778e+00
2.809999999999985842e+00,3.452571441887194226e+00
2.819999999999985629e+00,2.967392307373436733e+00
2.829999999999985416e+00,4.403418194597044533e+00
2.839999999999985203e+00,2.745646168705166978e+00
2.849999999999984990e+00,1.433328445983536481e+00
2.859999999999984777e+00,4.429078793235320610e+00
2.869999999999984563e+00,9.454005962494473891e-01
2.879999999999984350e+00,2.293917255307952097e+00
2.889999999999984137e+00,2.825122283238514331e+00
2.899999999999983924e+00,2.818661803723252035e+00
2.909999999999983711e+00,3.945074391644033618e+00
2.919999999999983498e+00,4.862313641745847015e+00
2.929999999999983284e+00,4.678469989480521285e+00
2.939999999999983071e+00,4.867736447402845279e+00
2.949999999999982858e+00,4.932660480296835459e+00
2.959999999999982645e+00,1.638621153379402839e+00
2.969999999999982432e+00,4.853218160176514751e+00
2.979999999999982219e+00,1.897684587700170011e+00
2.989999999999982006e+00,1.644738611098379044e+00
2.999999999999981792e+00,1.983875390045919840e+00
3.009999999999981579e+00,3.028955002629964977e+00
3.019999999999981366e+00,1.942829582493114549e+00
3.029999999999981153e+00,3.414166045737046407e+00
3.039999999999980940e+00,1.325043904699712449e+00
3.049999999999980727e+00,1.421939685450636093e+00
3.059999999999980513e+00,3.658329804530935370e+00
3.069999999999980300e+00,4.613771440363002796e+00
3.079999999999980087e+00,2.377091091257826250e+00
3.089999999999979874e+00,5.019278562647988551e+00
3.099999999999979661e+00,2.068718495523300671e+00
3.109999999999979448e+00,2.339690493580040442e+00
3.119999999999979234e+00,4.282538636534740206e+00
3.129999999999979021e+00,2.768078500136263109e+00
3.139999999999978808e+00,4.445277245557548440e+00
3.149999999999978595e+00,3.600816163309466411e+00
3.159999999999978382e+00,1.841876126321916995e+00
3.169999999999978169e+00,1.340727467882719459e+00
3.179999999999977955e+00,3.633102865512865876e+00
3.189999999999977742e+00,3.695537980779950438e+00
3.199999999999977529e+00,1.444534482661303354e+00
3.209999999999977316e+00,2.467712661698009846e+00
3.219999999999977103e+00,1.601310717149131424e+00
3.229999999999976890e+00,5.191560180592716733e+00
3.239999999999976676e+00,4.248537860741662620e+00
3.249999999999976463e+00,1.916666562623705161e+00
3.259999999999976250e+00,2.086085117357712626e+00
3.269999999999976037e+00,3.332681681499797932e+00
3.279999999999975824e+00,2.895852938656571673e+00
3.289999999999975611e+00,1.919425472642501518e+00
3.299999999999975397e+00,2.763355155966511045e+00
3.309999999999975184e+00,2.597528906837323515e+00
3.319999999999974971e+00,1.905107882280476117e+00
3.329999999999974758e+00,1.894410187275311408e+00
3.339999999999974545e+00,2.388702500190076350e+00
3.349999999999974332e+00,5.241003402973218428e+00
3.359999999999974118e+00,2.783517578843824225e+00
3.369999999999973905e+00,4.413208443865876518e+00
3.379999999999973692e+00,2.288812491020313811e+00
3.389999999999973479e+00,5.337649036497690958e+00
3.399999999999973266e+00,5.317384860269962488e+00
3.409999999999973053e+00,3.553906933217164443e+00
3.419999999999972840e+00,4.565959679141625926e+00
3.429999999999972626e+00,3.968174901302980118e+00
3.439999999999972413e+00,4.438368280976666469e+00
3.449999999999972200e+00,2.754525431480943531e+00
3.459999999999971987e+00,4.434239293174927710e+00
3.469999999999971774e+00,4.269247080717952336e+00
3.479999999999971561e+00,2.727911102982544911e+00
3.489999999999971347e+00,4.152388966164679118e+00
3.499999999999971134e+00,5.010189564744071511e+00
3.509999999999970921e+00,4.948796201283878204e+00
3.519999999999970708e+00,4.290673646981089107e+00
3.529999999999970495e+00,3.351881732327604446e+00
3.539999999999970282e+00,4.427086243727226034e+00
3.549999999999970068e+00,4.733828093094508915e+00
3.559999999999969855e+00,3.215709626454946957e+00
3.569999999999969642e+00,2.368379494735345148e+00
3.579999999999969429e+00,4.882177744711216683e+00
3.589999999999969216e+00,4.525167271677894121e+00
3.599999999999969003e+00,4.459011349996858442e+00
3.609999999999968789e+00,1.711871012166273687e+00
3.619999999999968576e+00,5.107203204664241269e+00
3.629999999999968363e+00,2.229573457672764825e+00
3.639999999999968150e+00,4.744644328281743206e+00
3.649999999999967937e+00,2.707945600186888679e+00
3.659999999999967724e+00,4.335520149022523917e+00
3.669999999999967510e+00,3.144662108778497611e+00
3.679999999999967297e+00,2.492180424179000653e+00
3.689999999999967084e+00,3.685200371990527746e+00
3.699999999999966871e+00,2.771465240733910207e+00
3.709999999999966658e+00,3.942100906614300904e+00
3.719999999999966445e+00,3.653721423463334617e+00
3.729999999999966231e+00,2.047031742716060698e+00
3.739999999999966018e+00,4.416525387406246672e+00
3.749999999999965805e+00,4.950336671692208590e+00
3.759999999999965592e+00,4.602547820924344890e+00
3.769999999999965379e+00,3.085413299468430459e+00
3.779999999999965166e+00,4.486087196440868397e+00
3.789999999999964952e+00,2.564182608173717348e+00
3.799999999999964739e+00,3.993575119161111520e+00
3.809999999999964526e+00,5.149562449040071321e+00
3.819999999999964313e+00,2.174495274591652372e+00
3.829999999999964100e+00,4.319814537850032998e+00
3.839999999999963887e+00,4.277057774140441637e+00
3.849999999999963674e+00,3.946945699506131167e+00
3.859999999999963460e+00,3.430328791042722703e+00
3.869999999999963247e+00,3.427054155045808237e+00
3.879999999999963034e+00,3.146429791088998229e+00
3.889999999999962821e+00,2.689517165797696396e+00
3.899999999999962608e+00,5.715860704700217454e+00
3.909999999999962395e+00,3.815080177710735487e+00
3.919999999999962181e+00,3.760768931563715167e+00
3.929999999999961968e+00,5.278205728274448560e+00
3.939999999999961755e+00,4.560364047724915437e+00
3.949999999999961542e+00,2.101218493640448770e+00
3.959999999999961329e+00,5.673011745892554636e+00
3.969999999999961116e+00,2.782725895820982842e+00
3.979999999999960902e+00,2.127632996976868807e+00
3.989999999999960689e+00,3.425549780787898957e+00
3.999999999999960476e+00,3.573175292164624040e+00
4.009999999999960707e+00,5.808325590703972807e+00
4.019999999999960494e+00,5.868615504040015196e+00
4.029999999999960281e+00,3.723697062295880489e+00
4.039999999999960067e+00,3.614838704055436835e+00
4.049999999999959854e+00,5.137687885315743941e+00
4.059999999999959641e+00,3.942838705626344087e+00
4.069999999999959428e+00,4.533618009239003044e+00
4.079999999999959215e+00,5.132492600253592663e+00
4.089999999999959002e+00,3.041736027046088697e+00
4.099999999999958789e+00,4.263812333730657045e+00
4.109999999999958575e+00,3.860030606357185867e+00
4.119999999999958362e+00,5.060458406849555502e+00
4.129999999999958149e+00,5.201889975067482297e+00
4.139999999999957936e+00,5.207988089942898746e+00
4.149999999999957723e+00,3.250283897711824466e+00
4.159999999999957510e+00,2.988734221104999644e+00
4.169999999999957296e+00,3.270935878094674010e+00
4.179999999999957083e+00,2.393909643216843186e+00
4.189999999999956870e+00,3.822285139675550170e+00
4.199999999999956657e+00,4.435621586881364209e+00
4.209999999999956444e+00,4.825126430576554881e+00
4.219999999999956231e+00,2.610889902850864530e+00
4.229999999999956017e+00,4.607806332905981073e+00
4.239999999999955804e+00,5.097662595385467732e+00
4.249999999999955591e+00,5.168930085700006671e+00
4.259999999999955378e+00,4.825669094193141717e+00
4.269999999999955165e+00,4.581870575169709525e+00
4.279999999999954952e+00,5.809838113167370643e+00
4.289999999999954738e+00,4.242447354466197140e+00
4.299999999999954525e+00,4.810819130869828264e+00
4.309999999999954312e+00,2.991076461840426859e+00
4.319999999999954099e+00,3.094731196552289454e+00
4.329999999999953886e+00,4.798983243760363671e+00
4.339999999999953673e+00,5.088014959761995470e+00
4.349999999999953459e+00,4.985108910364671964e+00
4.359999999999953246e+00,4.423320748868970753e+00
4.369999999999953033e+00,4.646775280334962233e+00
4.379999999999952820e+00,4.072473304229967894e+00
4.389999999999952607e+00,4.411319176912111395e+00
4.399999999999952394e+00,3.363389419368512101e+00
4.409999999999952180e+00,3.698602134056960367e+00
4.419999999999951967e+00,3.505130195391211068e+00
4.429999999999951754e+00,2.607402233844918982e+00
4.439999999999951541e+00,3.089487005424469857e+00
4.449999999999951328e+00,5.356365777608752765e+00
4.459999999999951115e+00,4.448558704598543301e+00
4.469999999999950901e+00,5.122810071772205376e+00
4.479999999999950688e+00,6.259956180812123350e+00
4.489999999999950475e+00,5.297509467190294252e+00
4.499999999999950262e+00,2.976820617543451064e+00
4.509999999999950049e+00,3.360522232154532496e+00
4.519999999999949836e+00,6.181884932993380488e+00
4.529999999999949623e+00,4.931186444798596469e+00
4.539999999999949409e+00,6.493907907682094027e+00
4.549999999999949196e+00,4.430859071295000895e+00
4.559999999999948983e+00,5.446475141856391033e+00
4.569999999999948770e+00,5.653963550931567994e+00
4.579999999999948557e+00,5.942049507172751710e+00
4.589999999999948344e+00,6.553965616760709878e+00
4.599999999999948130e+00,2.653199238169794860e+00
4.609999999999947917e+00,2.960061783415030678e+00
4.619999999999947704e+00,5.578094817254002358e+00
4.629999999999947491e+00,3.877468130594569740e+00
4.639999999999947278e+00,4.004554597636010627e+00
4.649999999999947065e+00,4.937592553997555811e+00
4.659999999999946851e+00,3.257135915704011619e+00
4.669999999999946638e+00,4.745959574413579851e+00
4.679999999999946425e+00,5.500689510156396622e+00
4.689999999999946212e+00,6.023910200406445092e+00
4.699999999999945999e+00,2.919846703992599934e+00
4.709999999999945786e+00,6.351498953024889538e+00
4.719999999999945572e+00,2.993026984607360941e+00
4.729999999999945359e+00,3.504284721980728712e+00
4.739999999999945146e+00,4.306106667684183265e+00
4.749999999999944933e+00,4.667844439693329406e+00
4.759999999999944720e+00,5.167422348262111775e+00
4.769999999999944507e+00,6.119754258277000147e+00
4.779999999999944293e+00,5.265528233565648364e+00
4.789999999999944080e+00,3.677546219514075787e+00
4.799999999999943867e+00,5.705722076573844781e+00
4.809999999999943654e+00,4.916526502909642105e+00
4.819999999999943441e+00,5.721854042849798816e+00
4.829999999999943228e+00,4.928490957377669623e+00
4.839999999999943014e+00,3.850407938313682887e+00
4.849999999999942801e+00,4.358285001426041028e+00
4.859999999999942588e+00,6.437081805084046593e+00
4.869999999999942375e+00,2.919325012502695493e+00
4.879999999999942162e+00,4.756061158969611569e+00
4.889999999999941949e+00,4.378578335866780691e+00
4.899999999999941735e+00,5.648092734695851824e+00
4.909999999999941522e+00,4.601312395248426945e+00
4.919999999999941309e+00,4.229178495276733507e+00
4.929999999999941096e+00,4.966957943750800908e+00
4.939999999999940883e+00,3.578549558083056414e+00
4.949999999999940670e+00,3.424945160263579425e+00
4.959999999999940457e+00,3.774539190614490280e+00
4.969999999999940243e+00,4.133430049492927694e+00
4.979999999999940030e+00,5.858596180898996586e+00
4.989999999999939817e+00,3.483448943407322140e+00
4.999999999999939604e+00,5.612373276662671273e+00
5.009999999999939391e+00,4.351006644158203152e+00
5.019999999999939178e+00,4.788922561482561235e+00
5.029999999999938964e+00,7.002918009292363521e+00
5.039999999999938751e+00,6.723575982869945733e+00
5.049999999999938538e+00,4.819104138279631577e+00
5.059999999999938325e+00,4.873112984045517848e+00
5.069999999999938112e+00,5.434657288412393150e+00
5.079999999999937899e+00,3.523751219084763520e+00
5.089999999999937685e+00,4.704770225452273635e+00
5.099999999999937472e+00,4.346550854264024544e+00
5.109999999999937259e+00,6.204574039967878818e+00
5.119999999999937046e+00,5.978892649294289541e+00
5.129999999999936833e+00,6.830847827029700170e+00
5.139999999999936620e+00,7.068956845070123229e+00
5.149999999999936406e+00,4.568895019949273717e+00
5.159999999999936193e+00,6.455164590427306948e+00
5.169999999999935980e+00,5.153655618506567393e+00
5.179999999999935767e+00,4.506426200899909418e+00
5.189999999999935554e+00,6.758163752095651233e+00
5.199999999999935341e+00,4.116966698855515361e+00
5.209999999999935127e+00,6.994303301328563371e+00
5.219999999999934914e+00,6.058380451645299480e+00
5.229999999999934701e+00,5.478895540324680624e+00
5.239999999999934488e+00,4.474369665231946236e+00
5.249999999999934275e+00,4.461123620450578642e+00
5.259999999999934062e+00,6.382043304330194289e+00
5.269999999999933848e+00,3.935107175290427417e+00
5.279999999999933635e+00,5.763053765159032338e+00
5.289999999999933422e+00,4.937629511934518156e+00
5.299999999999933209e+00,4.052160900545059619e+00
5.309999999999932996e+00,5.384176622515786548e+00
5.319999999999932783e+00,5.786428360242468649e+00
5.329999999999932569e+00,3.637849468533457475e+00
5.339999999999932356e+00,7.053927800483747568e+00
5.349999999999932143e+00,3.601559477834837431e+00
5.359999999999931930e+00,5.109889662635853647e+00
5.369999999999931717e+00,7.191680461508810573e+00
5.379999999999931504e+00,4.713320502780751653e+00
5.389999999999931291e+00,3.979877053977038059e+00
5.399999999999931077e+00,7.182126162940241088e+00
5.409999999999930864e+00,5.123799757797825372e+00
5.419999999999930651e+00,4.184246388672275607e+00
5.429999999999930438e+00,3.788502442874915221e+00
5.439999999999930225e+00,3.903047616578518397e+00
5.449999999999930012e+00,3.666404514022967298e+00
5.459999999999929798e+00,3.504613233909684933e+00
5.469999999999929585e+00,7.160099596117430742e+00
5.479999999999929372e+00,7.321473845863157415e+00
5.489999999999929159e+00,4.001172301872721881e+00
5.499999999999928946e+00,6.996193174787912028e+00
5.509999999999928733e+00,4.433383779889386034e+00
5.519999999999928519e+00,6.653761637970036169e+00
5.529999999999928306e+00,5.802869565118561113e+00
5.539999999999928093e+00,4.437735970599591795e+00
5.549999999999927880e+00,5.479742242268143215e+00
5.559999999999927667e+00,5.252450086093411130e+00
5.569999999999927454e+00,7.332383088927010739e+00
5.579999999999927240e+00,3.815970587573230599e+00
5.589999999999927027e+00,3.999562146476458135e+00
5.599999999999926814e+00,6.735542620734027430e+00
5.609999999999926601e+00,4.238720744705918086e+00
5.619999999999926388e+00,6.533383287113073479e+00
5.629999999999926175e+00,4.532012615408318901e+00
5.639999999999925961e+00,7.533469141632911814e+00
5.649999999999925748e+00,6.772247197291996201e+00
5.659999999999925535e+00,5.375898668752347120e+00
5.669999999999925322e+00,4.212877551745970450e+00
5.679999999999925109e+00,6.174410373375661010e+00
5.689999999999924896e+00,7.352498345636607979e+00
5.699999999999924682e+00,4.867429398018561670e+00
5.709999999999924469e+00,5.081688794304371370e+00
5.719999999999924256e+00,4.051403063825487649e+00
5.729999999999924043e+00,6.250426031740258459e+00
5.739999999999923830e+00,4.052425476207567101e+00
5.749999999999923617e+00,4.593690489195310533e+00
5.759999999999923403e+00,4.209865496875499602e+00
5.769999999999923190e+00,7.262157943459511600e+00
5.779999999999922977e+00,6.373078518997488118e+00
5.789999999999922764e+00,4.128127872382707508e+00
5.799999999999922551e+00,5.071973809625897722e+00
5.809999999999922338e+00,3.917756237026628341e+00
5.819999999999922125e+00,5.384714351038915936e+00
5.829999999999921911e+00,7.443334913041176115e+00
5.839999999999921698e+00,7.597021520185100130e+00
5.849999999999921485e+00,5.731616062148434665e+00
5.859999999999921272e+00,4.953489183612290070e+00
5.869999999999921059e+00,7.838443303968956499e+00
5.879999999999920846e+00,4.220348478431930062e+00
5.889999999999920632e+00,5.004246663137085882e+00
5.899999999999920419e+00,4.003535373478823267e+00
5.909999999999920206e+00,4.110216622227298444e+00
5.919999999999919993e+00,6.743845077528470178e+00
5.929999999999919780e+00,4.748509692482378419e+00
5.939999999999919567e+00,5.877798587682102394e+00
5.949999999999919353e+00,6.150887048756978892e+00
5.959999999999919140e+00,7.553908742975397494e+00
5.969999999999918927e+00,6.109447256456594033e+00
5.979999999999918714e+00,7.776437890266798547e+00
5.989999999999918501e+00,6.739139078334154043e+00
5.999999999999918288e+00,6.676942528689725265e+00
6.009999999999918074e+00,4.349682977231895897e+00
6.019999999999917861e+00,7.270411548351185083e+00
6.029999999999917648e+00,5.936242853933376473e+00
6.039999999999917435e+00,7.308120619523342576e+00
6.049999999999917222e+00,8.043997860137356071e+00
6.059999999999917009e+00,5.036292586680138683e+00
6.069999999999916795e+00,5.583197522161634119e+00
6.079999999999916582e+00,6.278762764914869621e+00
6.089999999999916369e+00,7.121223479180685878e+00
6.099999999999916156e+00,4.439748545565205262e+00
6.109999999999915943e+00,7.319257345906144074e+00
6.119999999999915730e+00,6.830307864596127487e+00
6.129999999999915516e+00,7.381427115360030378e+00
6.139999999999915303e+00,4.864572616219851042e+00
6.149999999999915090e+00,5.855789581110935949e+00
6.159999999999914877e+00,7.039567229287709615e+00
6.169999999999914664e+00,6.668969247795335065e+00
6.179999999999914451e+00,5.134210435578888010e+00
6.189999999999914237e+00,7.279084366153352192e+00
6.199999999999914024e+00,4.203775329599479527e+00
6.209999999999913811e+00,6.253953436353985040e+00
6.219999999999913598e+00,5.556524692754402750e+00
6.229999999999913385e+00,5.179122779556258216e+00
6.239999999999913172e+00,5.981723108505288877e+00
6.249999999999912959e+00,7.356007476611194917e+00
6.259999999999912745e+00,4.677092427409763609e+00
6.269999999999912532e+00,7.566340922104429545e+00
6.279999999999912319e+00,5.359953452996002454e+00
6.289999999999912106e+00,7.240313933253348821e+00
6.299999999999911893e+00,5.348057352918167417e+00
6.309999999999911680e+00,7.899790636169308655e+00
6.319999999999911466e+00,6.689348927088017760e+00
6.329999999999911253e+00,7.373858506433531801e+00
6.339999999999911040e+00,7.322762733734800022e+00
6.349999999999910827e+00,5.830716572877680193e+00
6.359999999999910614e+00,5.996433966282419981e+00
6.369999999999910401e+00,6.679405329812137637e+00
6.379999999999910187e+00,4.559571913816058419e+00
6.389999999999909974e+00,7.262343103834655977e+00
6.399999999999909761e+00,5.907182900788755298e+00
6.409999999999909548e+00,4.611360828742376405e+00
6.419999999999909335e+00,7.104900458993080647e+00
6.429999999999909122e+00,7.879753813645884897e+00
6.439999999999908908e+00,7.138695893314983998e+00
6.449999999999908695e+00,6.934166927269811431e+00
6.459999999999908482e+00,6.169713765160881991e+00
6.469999999999908269e+00,7.971964658487704192e+00
6.479999999999908056e+00,4.579353588347897741e+00
6.489999999999907843e+00,6.096402844928077158e+00
6.499999999999907629e+00,5.499435492673755199e+00
6.509999999999907416e+00,6.398117360478116744e+00
6.519999999999907203e+00,6.672119921394303432e+00
6.529999999999906990e+00,7.240500109922364480e+00
6.539999999999906777e+00,5.528016753245705850e+00
6.549999999999906564e+00,7.011806454701064339e+00
6.559999999999906350e+00,5.010114863970012600e+00
6.569999999999906137e+00,7.530910613585627189e+00
6.579999999999905924e+00,7.079113456947871974e+00
6.589999999999905711e+00,4.900688342521942076e+00
6.599999999999905498e+00,5.608784235982617439e+00
6.609999999999905285e+00,7.636522187205868839e+00
6.619999999999905071e+00,7.351769005596612949e+00
6.629999999999904858e+00,7.079888521610239849e+00
6.639999999999904645e+00,7.494512800625575011e+00
6.649999999999904432e+00,6.643458456417615565e+00
6.659999999999904219e+00,6.064765249038234884e+00
6.669999999999904006e+00,8.209596682703523385e+00
6.679999999999903793e+00,6.353275627455332142e+00
6.689999999999903579e+00,4.817299349303812761e+00
6.699999999999903366e+00,5.766963384280275662e+00
6.709999999999903153e+00,7.148777907186917524e+00
6.719999999999902940e+00,5.030569133785363967e+00
6.729999999999902727e+00,6.943098915318916653e+00
6.739999999999902514e+00,6.080617883207297680e+00
6.749999999999902300e+00,8.318048175504044295e+00
6.759999999999902087e+00,7.184291636916860568e+00
6.769999999999901874e+00,6.217010869408264639e+00
6.779999999999901661e+00,4.825829152191617233e+00
6.789999999999901448e+00,6.688800439179530599e+00
6.799999999999901235e+00,7.370262203733911832e+00
6.809999999999901021e+00,7.648193971882097486e+00
6.819999999999900808e+00,6.802980553881285530e+00
6.829999999999900595e+00,5.213477733717944318e+00
6.839999999999900382e+00,8.696402684739751976e+00
6.849999999999900169e+00,6.337809391732864839e+00
6.859999999999899956e+00,5.342624770404251322e+00
6.869999999999899742e+00,8.344016285705908587e+00
6.879999999999899529e+00,7.039017430584564750e+00
6.889999999999899316e+00,6.852242504906372211e+00
6.899999999999899103e+00,6.934481689799950388e+00
6.909999999999898890e+00,5.466616764740908962e+00
6.919999999999898677e+00,6.304539654070921983e+00
6.929999999999898463e+00,7.460663480939279779e+00
6.939999999999898250e+00,7.960857686765195673e+00
6.949999999999898037e+00,5.029390233569569268e+00
6.959999999999897824e+00,7.679231644942356105e+00
6.969999999999897611e+00,5.199196026243768642e+00
6.979999999999897398e+00,8.881706507657433747e+00
6.989999999999897184e+00,6.192993870999887740e+00
6.999999999999896971e+00,5.297136092114639538e+00
7.009999999999896758e+00,7.910303528505686188e+00
7.019999999999896545e+00,8.049791051392290342e+00
7.029999999999896332e+00,7.539467758683464638e+00
7.039999999999896119e+00,7.790693880569826035e+00
7.049999999999895905e+00,6.595846287781868433e+00
7.059999999999895692e+00,6.864858199831278540e+00
7.069999999999895479e+00,7.331204091703133585e+00
7.079999999999895266e+00,8.601552863301508367e+00
7.089999999999895053e+00,6.953400425739059365e+00
7.099999999999894840e+00,7.047551805892401156e+00
7.109999999999894627e+00,8.216317592521937385e+00
7.119999999999894413e+00,7.134817627524182804e+00
7.129999999999894200e+00,6.852095586649009640e+00
7.139999999999893987e+00,5.543109335764924595e+00
7.149999999999893774e+00,7.274049695684846384e+00
7.159999999999893561e+00,6.803600295615910731e+00
7.169999999999893348e+00,5.459737910557719509e+00
7.179999999999893134e+00,6.484823404783641720e+00
7.189999999999892921e+00,7.695504359230218583e+00
7.199999999999892708e+00,5.824882406425464509e+00
7.209999999999892495e+00,6.465443950598379175e+00
7.219999999999892282e+00,7.701126442270576078e+00
7.229999999999892069e+00,6.963543545983139182e+00
7.239999999999891855e+00,7.905327362189665585e+00
7.249999999999891642e+00,8.787481339164145311e+00
7.259999999999891429e+00,8.312345139995326093e+00
7.269999999999891216e+00,8.691408574271804355e+00
7.279999999999891003e+00,7.448905390147757544e+00
7.289999999999890790e+00,8.504795280904188459e+00
7.299999999999890576e+00,6.256092028179899067e+00
7.309999999999890363e+00,6.148304644283197007e+00
7.319999999999890150e+00,8.119258076021313997e+00
7.329999999999889937e+00,8.224920601012803090e+00
7.339999999999889724e+00,5.670276190850193743e+00
7.349999999999889511e+00,5.569420898032040768e+00
7.359999999999889297e+00,7.234234285233709372e+00
7.369999999999889084e+00,8.320762375776212139e+00
7.379999999999888871e+00,7.852779468824906850e+00
7.389999999999888658e+00,5.945371579151263575e+00
7.399999999999888445e+00,7.043892618080997536e+00
7.409999999999888232e+00,9.145093220441946613e+00
7.419999999999888018e+00,6.282628697703087184e+00
7.429999999999887805e+00,7.701762678020519282e+00
7.439999999999887592e+00,7.732344791934065320e+00
7.449999999999887379e+00,6.493675526654381081e+00
7.459999999999887166e+00,7.717792951334512708e+00
7.469999999999886953e+00,8.538762379431480198e+00
7.479999999999886739e+00,7.549153200428740718e+00
7.489999999999886526e+00,6.633540948278053406e+00
7.499999999999886313e+00,6.413774906379090091e+00
7.509999999999886100e+00,7.899343742374242083e+00
7.519999999999885887e+00,7.261608129686531576e+00
7.529999999999885674e+00,9.037062472475501096e+00
7.539999999999885461e+00,8.539473691084229046e+00
7.549999999999885247e+00,6.379220824236746523e+00
7.559999999999885034e+00,8.035565005083158852e+00
7.569999999999884821e+00,9.163723084096648819e+00
7.579999999999884608e+00,7.047147637048058577e+00
7.589999999999884395e+00,7.277283589655164420e+00
7.599999999999884182e+00,6.246138668953525652e+00
7.609999999999883968e+00,9.037885237672622196e+00
7.619999999999883755e+00,7.705897104506812312e+00
7.629999999999883542e+00,6.400523111484615946e+00
7.639999999999883329e+00,7.610304330392915872e+00
7.649999999999883116e+00,8.748721720027072379e+00
7.659999999999882903e+00,7.500821642589085236e+00
7.669999999999882689e+00,9.417436233846693483e+00
7.679999999999882476e+00,6.237260320866981900e+00
7.689999999999882263e+00,8.841686299625600043e+00
7.699999999999882050e+00,5.741832695160735689e+00
7.709999999999881837e+00,9.543754201088114897e+00
7.719999999999881624e+00,9.697568397727371448e+00
7.729999999999881410e+00,9.439029646045405286e+00
7.739999999999881197e+00,9.260144572404684027e+00
7.749999999999880984e+00,6.389152684225601675e+00
7.759999999999880771e+00,8.766154720448533055e+00
7.769999999999880558e+00,7.114298082936858947e+00
7.779999999999880345e+00,6.665602169071669358e+00
7.789999999999880131e+00,7.262805406674079478e+00
7.799999999999879918e+00,5.800839072172877309e+00
7.809999999999879705e+00,7.853469254481440842e+00
7.819999999999879492e+00,8.748975842380968260e+00
7.829999999999879279e+00,6.713761302058750324e+00
7.839999999999879066e+00,7.171927397873792742e+00
7.849999999999878852e+00,6.382416168749699636e+00
7.859999999999878639e+00,7.876266809844223893e+00
7.869999999999878426e+00,6.284261911984050819e+00
7.879999999999878213e+00,6.754621622424355820e+00
7.889999999999878000e+00,8.651066749091363306e+00
7.899999999999877787e+00,7.771570352598011766e+00
7.909999999999877573e+00,6.162031129282409481e+00
7.919999999999877360e+00,6.000086617255480981e+00
7.929999999999877147e+00,7.904723436964581573e+00
7.939999999999876934e+00,8.707090969169692940e+00
7.949999999999876721e+00,6.711326167535867526e+00
7.959999999999876508e+00,9.426560888810868732e+00
7.969999999999876295e+00,7.829012500867998270e+00
7.979999999999876081e+00,7.980209077480573399e+00
7.989999999999875868e+00,8.601402526483054700e+00
7.999999999999875655e+00,9.141555774822011315e+00
